Iteration,PSO,GWO,WOA,ACO
1,0.909912301345551,0.9050003011256924,0.9196818918785457,0.9084142059050172
2,0.909912301345551,0.9050003011256924,0.9196818918785457,0.9084142059050172
3,0.909912301345551,0.909107973481784,0.9196818918785457,0.9084142059050172
4,0.909912301345551,0.909107973481784,0.9196818918785457,0.9089777648851132
5,0.909912301345551,0.909107973481784,0.9196818918785457,0.9089777648851132
