Iteration,WOA
1,0.9196818918785457
2,0.9196818918785457
3,0.9196818918785457
4,0.9196818918785457
5,0.9196818918785457
