Optimizer,lr0,lrf,momentum,weight_decay,mosaic,box,Precision,Recall,mAP50,mAP50-95
Baseline,0.01,0.01,0.937,0.0005,1.0,7.5,0.8742,0.8118,0.883,0.7974
WOA,0.015524068724281498,0.04785331956007794,0.850841285458462,0.005813315483768214,0.0,6.891485465158228,0.891048682986067,0.7805068907481154,0.8675967428165757,0.7656296837410239
