Iteration,ACO
1,0.9084142059050171
2,0.9084142059050171
3,0.9084142059050171
4,0.9089777648851131
5,0.9089777648851131
