Iteration,GWO
1,0.9050003011256924
2,0.9050003011256924
3,0.909107973481784
4,0.909107973481784
5,0.909107973481784
