Iteration,PSO
1,0.909912301345551
2,0.909912301345551
3,0.909912301345551
4,0.909912301345551
5,0.909912301345551
